train_auc,val_auc,test_auc,best_epoch,run_name,dataset,model,readout,seed,split,checkpoint,hidden_dim,num_layers,dropout,lr,batch_size
0.7696173317450864,0.717391304347826,0.674182444061962,57,BACE_gat_attention_seed0,BACE,gat,attention,0,scaffold,results/BACE_gat_attention_seed0_best.pt,128,3,0.3,0.001,32
0.7045874418194251,0.6857546836337928,0.6435456110154906,35,BACE_gat_attention_seed1,BACE,gat,attention,1,scaffold,results/BACE_gat_attention_seed1_best.pt,128,3,0.3,0.001,32
0.7990881366774755,0.7532697066101096,0.7172117039586919,75,BACE_gat_attention_seed2,BACE,gat,attention,2,scaffold,results/BACE_gat_attention_seed2_best.pt,128,3,0.3,0.001,32
0.6754351134934817,0.6809826793920112,0.6285714285714286,9,BACE_gat_attention_seed3,BACE,gat,attention,3,scaffold,results/BACE_gat_attention_seed3_best.pt,128,3,0.3,0.001,32
0.7778715284671212,0.6912336514669494,0.6660929432013768,39,BACE_gat_attention_seed4,BACE,gat,attention,4,scaffold,results/BACE_gat_attention_seed4_best.pt,128,3,0.3,0.001,32
0.7016163721792071,0.651643690349947,0.6764199655765921,32,BACE_gat_attention_seed5,BACE,gat,attention,5,scaffold,results/BACE_gat_attention_seed5_best.pt,128,3,0.3,0.001,32
0.7760861293097743,0.7787203958996112,0.6497418244406196,68,BACE_gat_attention_seed6,BACE,gat,attention,6,scaffold,results/BACE_gat_attention_seed6_best.pt,128,3,0.3,0.001,32
0.811033077449099,0.7140332272887946,0.7306368330464715,86,BACE_gat_attention_seed7,BACE,gat,attention,7,scaffold,results/BACE_gat_attention_seed7_best.pt,128,3,0.3,0.001,32
0.789489720512651,0.6949452103216684,0.6795180722891566,92,BACE_gat_attention_seed8,BACE,gat,attention,8,scaffold,results/BACE_gat_attention_seed8_best.pt,128,3,0.3,0.001,32
0.8220542981933691,0.7419582891481088,0.6838209982788297,86,BACE_gat_attention_seed9,BACE,gat,attention,9,scaffold,results/BACE_gat_attention_seed9_best.pt,128,3,0.3,0.001,32
0.7987296781593982,0.7472605160834218,0.6516351118760757,89,BACE_gat_max_seed0,BACE,gat,max,0,scaffold,results/BACE_gat_max_seed0_best.pt,128,3,0.3,0.001,32
0.843082026338429,0.7741251325556734,0.6910499139414802,100,BACE_gat_max_seed1,BACE,gat,max,1,scaffold,results/BACE_gat_max_seed1_best.pt,128,3,0.3,0.001,32
0.7871611188317562,0.6891127606928242,0.6855421686746987,46,BACE_gat_max_seed2,BACE,gat,max,2,scaffold,results/BACE_gat_max_seed2_best.pt,128,3,0.3,0.001,32
0.7899695034522313,0.7172145634499822,0.7022375215146299,50,BACE_gat_max_seed3,BACE,gat,max,3,scaffold,results/BACE_gat_max_seed3_best.pt,128,3,0.3,0.001,32
0.7849359186464607,0.7133262636974196,0.6888123924268503,40,BACE_gat_max_seed4,BACE,gat,max,4,scaffold,results/BACE_gat_max_seed4_best.pt,128,3,0.3,0.001,32
0.8276200560298238,0.7355956168257335,0.7313253012048192,94,BACE_gat_max_seed5,BACE,gat,max,5,scaffold,results/BACE_gat_max_seed5_best.pt,128,3,0.3,0.001,32
0.7867695718350869,0.7686461647225167,0.6294320137693632,44,BACE_gat_max_seed6,BACE,gat,max,6,scaffold,results/BACE_gat_max_seed6_best.pt,128,3,0.3,0.001,32
0.6448530871550526,0.5950866030399434,0.5742685025817557,1,BACE_gat_max_seed7,BACE,gat,max,7,scaffold,results/BACE_gat_max_seed7_best.pt,128,3,0.3,0.001,32
0.8300561952661418,0.7272887946270767,0.7301204819277108,100,BACE_gat_max_seed8,BACE,gat,max,8,scaffold,results/BACE_gat_max_seed8_best.pt,128,3,0.3,0.001,32
0.7942958220281031,0.7205726405090138,0.6578313253012048,50,BACE_gat_max_seed9,BACE,gat,max,9,scaffold,results/BACE_gat_max_seed9_best.pt,128,3,0.3,0.001,32
0.5192202700019853,0.593230823612584,0.4414802065404475,5,BACE_gat_mean_seed0,BACE,gat,mean,0,scaffold,results/BACE_gat_mean_seed0_best.pt,128,3,0.3,0.001,32
0.8643331017139833,0.7686461647225167,0.8056798623063682,99,BACE_gat_mean_seed1,BACE,gat,mean,1,scaffold,results/BACE_gat_mean_seed1_best.pt,128,3,0.3,0.001,32
0.6458209251538614,0.616825733474726,0.5277108433734939,7,BACE_gat_mean_seed2,BACE,gat,mean,2,scaffold,results/BACE_gat_mean_seed2_best.pt,128,3,0.3,0.001,32
0.8001579974852757,0.7776599505125485,0.6881239242685026,46,BACE_gat_mean_seed3,BACE,gat,mean,3,scaffold,results/BACE_gat_mean_seed3_best.pt,128,3,0.3,0.001,32
0.5817106191957294,0.5940261576528808,0.49724612736660934,3,BACE_gat_mean_seed4,BACE,gat,mean,4,scaffold,results/BACE_gat_mean_seed4_best.pt,128,3,0.3,0.001,32
0.674824355326142,0.554789678331566,0.5934595524956972,4,BACE_gat_mean_seed5,BACE,gat,mean,5,scaffold,results/BACE_gat_mean_seed5_best.pt,128,3,0.3,0.001,32
0.8626207729468599,0.8184870979144575,0.7302925989672977,99,BACE_gat_mean_seed6,BACE,gat,mean,6,scaffold,results/BACE_gat_mean_seed6_best.pt,128,3,0.3,0.001,32
0.8589162420311915,0.734535171438671,0.7294320137693632,100,BACE_gat_mean_seed7,BACE,gat,mean,7,scaffold,results/BACE_gat_mean_seed7_best.pt,128,3,0.3,0.001,32
0.8462350826109015,0.7444326617179216,0.6507745266781413,97,BACE_gat_mean_seed8,BACE,gat,mean,8,scaffold,results/BACE_gat_mean_seed8_best.pt,128,3,0.3,0.001,32
0.8616308759623232,0.8191940615058324,0.776419965576592,92,BACE_gat_mean_seed9,BACE,gat,mean,9,scaffold,results/BACE_gat_mean_seed9_best.pt,128,3,0.3,0.001,32
0.6701657732777447,0.6733828207847297,0.6201376936316696,4,BACE_gat_sum_seed0,BACE,gat,sum,0,scaffold,results/BACE_gat_sum_seed0_best.pt,128,3,0.3,0.001,32
0.6845895925705336,0.647932131495228,0.6175559380378658,12,BACE_gat_sum_seed1,BACE,gat,sum,1,scaffold,results/BACE_gat_sum_seed1_best.pt,128,3,0.3,0.001,32
0.7318385613129508,0.704135737009544,0.6569707401032703,3,BACE_gat_sum_seed2,BACE,gat,sum,2,scaffold,results/BACE_gat_sum_seed2_best.pt,128,3,0.3,0.001,32
0.6455493238920874,0.6124072110286319,0.6803786574870913,3,BACE_gat_sum_seed3,BACE,gat,sum,3,scaffold,results/BACE_gat_sum_seed3_best.pt,128,3,0.3,0.001,32
0.6844806763285024,0.6585365853658537,0.5998278829604131,17,BACE_gat_sum_seed4,BACE,gat,sum,4,scaffold,results/BACE_gat_sum_seed4_best.pt,128,3,0.3,0.001,32
0.6842476782917521,0.6443973135383528,0.6196213425129088,4,BACE_gat_sum_seed5,BACE,gat,sum,5,scaffold,results/BACE_gat_sum_seed5_best.pt,128,3,0.3,0.001,32
0.5580068603445614,0.5779427359490986,0.5280550774526678,9,BACE_gat_sum_seed6,BACE,gat,sum,6,scaffold,results/BACE_gat_sum_seed6_best.pt,128,3,0.3,0.001,32
0.6815192574945405,0.6152350653941323,0.6678141135972461,4,BACE_gat_sum_seed7,BACE,gat,sum,7,scaffold,results/BACE_gat_sum_seed7_best.pt,128,3,0.3,0.001,32
0.6994463194582313,0.6622481442205727,0.6096385542168675,3,BACE_gat_sum_seed8,BACE,gat,sum,8,scaffold,results/BACE_gat_sum_seed8_best.pt,128,3,0.3,0.001,32
0.700707817704542,0.6613644397313538,0.6197934595524958,2,BACE_gat_sum_seed9,BACE,gat,sum,9,scaffold,results/BACE_gat_sum_seed9_best.pt,128,3,0.3,0.001,32
0.6648481790307281,0.6633085896076352,0.6121342512908778,13,BACE_gcn_attention_seed0,BACE,gcn,attention,0,scaffold,results/BACE_gcn_attention_seed0_best.pt,128,3,0.3,0.001,32
0.7392421083978559,0.7697066101095794,0.6955249569707401,65,BACE_gcn_attention_seed1,BACE,gcn,attention,1,scaffold,results/BACE_gcn_attention_seed1_best.pt,128,3,0.3,0.001,32
0.7109735181876338,0.7407211028632026,0.6884681583476764,52,BACE_gcn_attention_seed2,BACE,gcn,attention,2,scaffold,results/BACE_gcn_attention_seed2_best.pt,128,3,0.3,0.001,32
0.574895771292436,0.6011841640155532,0.4647160068846816,1,BACE_gcn_attention_seed3,BACE,gcn,attention,3,scaffold,results/BACE_gcn_attention_seed3_best.pt,128,3,0.3,0.001,32
0.6643987271965235,0.6541180629197596,0.5321858864027539,8,BACE_gcn_attention_seed4,BACE,gcn,attention,4,scaffold,results/BACE_gcn_attention_seed4_best.pt,128,3,0.3,0.001,32
0.7663774182163103,0.7235772357723578,0.7030981067125646,96,BACE_gcn_attention_seed5,BACE,gcn,attention,5,scaffold,results/BACE_gcn_attention_seed5_best.pt,128,3,0.3,0.001,32
0.661236020117795,0.686461647225168,0.5154905335628227,11,BACE_gcn_attention_seed6,BACE,gcn,attention,6,scaffold,results/BACE_gcn_attention_seed6_best.pt,128,3,0.3,0.001,32
0.6917780645445923,0.6614528101802758,0.6564543889845095,63,BACE_gcn_attention_seed7,BACE,gcn,attention,7,scaffold,results/BACE_gcn_attention_seed7_best.pt,128,3,0.3,0.001,32
0.7425881807954471,0.7930364086249557,0.6869191049913941,90,BACE_gcn_attention_seed8,BACE,gcn,attention,8,scaffold,results/BACE_gcn_attention_seed8_best.pt,128,3,0.3,0.001,32
0.6784337568658594,0.6281371509367267,0.6451807228915661,21,BACE_gcn_attention_seed9,BACE,gcn,attention,9,scaffold,results/BACE_gcn_attention_seed9_best.pt,128,3,0.3,0.001,32
0.8364877682924139,0.8004595263343938,0.7220309810671256,79,BACE_gcn_max_seed0,BACE,gcn,max,0,scaffold,results/BACE_gcn_max_seed0_best.pt,128,3,0.3,0.001,32
0.8522475349083448,0.7868504772004241,0.7165232358003443,100,BACE_gcn_max_seed1,BACE,gcn,max,1,scaffold,results/BACE_gcn_max_seed1_best.pt,128,3,0.3,0.001,32
0.8006171001257362,0.7688229056203605,0.7478485370051634,47,BACE_gcn_max_seed2,BACE,gcn,max,2,scaffold,results/BACE_gcn_max_seed2_best.pt,128,3,0.3,0.001,32
0.8073740431914941,0.7720042417815483,0.7201376936316696,63,BACE_gcn_max_seed3,BACE,gcn,max,3,scaffold,results/BACE_gcn_max_seed3_best.pt,128,3,0.3,0.001,32
0.8113901572805682,0.7755390597384234,0.7469879518072289,51,BACE_gcn_max_seed4,BACE,gcn,max,4,scaffold,results/BACE_gcn_max_seed4_best.pt,128,3,0.3,0.001,32
0.8577802042662079,0.7638741604807353,0.7567986230636833,100,BACE_gcn_max_seed5,BACE,gcn,max,5,scaffold,results/BACE_gcn_max_seed5_best.pt,128,3,0.3,0.001,32
0.8064875477025567,0.7723577235772358,0.7156626506024096,49,BACE_gcn_max_seed6,BACE,gcn,max,6,scaffold,results/BACE_gcn_max_seed6_best.pt,128,3,0.3,0.001,32
0.8000559746762843,0.7225167903852951,0.7557659208261618,45,BACE_gcn_max_seed7,BACE,gcn,max,7,scaffold,results/BACE_gcn_max_seed7_best.pt,128,3,0.3,0.001,32
0.7988620320737653,0.7469070342877342,0.7383820998278829,41,BACE_gcn_max_seed8,BACE,gcn,max,8,scaffold,results/BACE_gcn_max_seed8_best.pt,128,3,0.3,0.001,32
0.8062642004720624,0.7797808412866737,0.7061962134251292,52,BACE_gcn_max_seed9,BACE,gcn,max,9,scaffold,results/BACE_gcn_max_seed9_best.pt,128,3,0.3,0.001,32
0.6337022698696314,0.6071049840933191,0.47280550774526675,2,BACE_gcn_mean_seed0,BACE,gcn,mean,0,scaffold,results/BACE_gcn_mean_seed0_best.pt,128,3,0.3,0.001,32
0.6262546048132707,0.5496641922940968,0.5473321858864028,9,BACE_gcn_mean_seed1,BACE,gcn,mean,1,scaffold,results/BACE_gcn_mean_seed1_best.pt,128,3,0.3,0.001,32
0.6303823925175921,0.5827147401908801,0.5218588640275388,1,BACE_gcn_mean_seed2,BACE,gcn,mean,2,scaffold,results/BACE_gcn_mean_seed2_best.pt,128,3,0.3,0.001,32
0.6112034831138464,0.5980911983032874,0.47314974182444064,3,BACE_gcn_mean_seed3,BACE,gcn,mean,3,scaffold,results/BACE_gcn_mean_seed3_best.pt,128,3,0.3,0.001,32
0.6050324818564843,0.6058677978084128,0.4991394148020655,8,BACE_gcn_mean_seed4,BACE,gcn,mean,4,scaffold,results/BACE_gcn_mean_seed4_best.pt,128,3,0.3,0.001,32
0.6099226832550239,0.5433015199717215,0.555249569707401,8,BACE_gcn_mean_seed5,BACE,gcn,mean,5,scaffold,results/BACE_gcn_mean_seed5_best.pt,128,3,0.3,0.001,32
0.6687098802197076,0.6472251679038529,0.4296041308089501,13,BACE_gcn_mean_seed6,BACE,gcn,mean,6,scaffold,results/BACE_gcn_mean_seed6_best.pt,128,3,0.3,0.001,32
0.6206254273928484,0.5537292329445034,0.544750430292599,2,BACE_gcn_mean_seed7,BACE,gcn,mean,7,scaffold,results/BACE_gcn_mean_seed7_best.pt,128,3,0.3,0.001,32
0.6045940595151434,0.597649346058678,0.5249569707401032,5,BACE_gcn_mean_seed8,BACE,gcn,mean,8,scaffold,results/BACE_gcn_mean_seed8_best.pt,128,3,0.3,0.001,32
0.6682728365649747,0.6297278190173206,0.516092943201377,1,BACE_gcn_mean_seed9,BACE,gcn,mean,9,scaffold,results/BACE_gcn_mean_seed9_best.pt,128,3,0.3,0.001,32
0.620301436039971,0.6901732060798869,0.5790017211703957,16,BACE_gcn_sum_seed0,BACE,gcn,sum,0,scaffold,results/BACE_gcn_sum_seed0_best.pt,128,3,0.3,0.001,32
0.7187162221781042,0.6456344998232592,0.6528399311531842,8,BACE_gcn_sum_seed1,BACE,gcn,sum,1,scaffold,results/BACE_gcn_sum_seed1_best.pt,128,3,0.3,0.001,32
0.6958686277104978,0.6274301873453517,0.5870912220309811,9,BACE_gcn_sum_seed2,BACE,gcn,sum,2,scaffold,results/BACE_gcn_sum_seed2_best.pt,128,3,0.3,0.001,32
0.6641436701740454,0.5963237893248499,0.6697934595524957,6,BACE_gcn_sum_seed3,BACE,gcn,sum,3,scaffold,results/BACE_gcn_sum_seed3_best.pt,128,3,0.3,0.001,32
0.698813502305164,0.6650759985860728,0.610499139414802,2,BACE_gcn_sum_seed4,BACE,gcn,sum,4,scaffold,results/BACE_gcn_sum_seed4_best.pt,128,3,0.3,0.001,32
0.6564492202148546,0.6387416048073524,0.5979345955249569,1,BACE_gcn_sum_seed5,BACE,gcn,sum,5,scaffold,results/BACE_gcn_sum_seed5_best.pt,128,3,0.3,0.001,32
0.7170617982485166,0.7083775185577942,0.5576592082616179,24,BACE_gcn_sum_seed6,BACE,gcn,sum,6,scaffold,results/BACE_gcn_sum_seed6_best.pt,128,3,0.3,0.001,32
0.6795146471665232,0.5906680805938495,0.6358003442340792,7,BACE_gcn_sum_seed7,BACE,gcn,sum,7,scaffold,results/BACE_gcn_sum_seed7_best.pt,128,3,0.3,0.001,32
0.7338569585070479,0.6751502297631673,0.6523235800344234,21,BACE_gcn_sum_seed8,BACE,gcn,sum,8,scaffold,results/BACE_gcn_sum_seed8_best.pt,128,3,0.3,0.001,32
0.7226785674894668,0.6951219512195123,0.6285714285714286,5,BACE_gcn_sum_seed9,BACE,gcn,sum,9,scaffold,results/BACE_gcn_sum_seed9_best.pt,128,3,0.3,0.001,32
0.9428851498908078,0.8617886178861789,0.8719449225473322,95,BACE_gin_attention_seed0,BACE,gin,attention,0,scaffold,results/BACE_gin_attention_seed0_best.pt,128,3,0.3,0.001,32
0.9102668034323781,0.8960763520678685,0.8017211703958692,49,BACE_gin_attention_seed1,BACE,gin,attention,1,scaffold,results/BACE_gin_attention_seed1_best.pt,128,3,0.3,0.001,32
0.954863179141023,0.8729232944503358,0.9154905335628227,100,BACE_gin_attention_seed2,BACE,gin,attention,2,scaffold,results/BACE_gin_attention_seed2_best.pt,128,3,0.3,0.001,32
0.8903806277987338,0.8487097914457405,0.8628227194492255,34,BACE_gin_attention_seed3,BACE,gin,attention,3,scaffold,results/BACE_gin_attention_seed3_best.pt,128,3,0.3,0.001,32
0.9191358943815764,0.8736302580417109,0.8800344234079174,58,BACE_gin_attention_seed4,BACE,gin,attention,4,scaffold,results/BACE_gin_attention_seed4_best.pt,128,3,0.3,0.001,32
0.9128215097169833,0.8511841640155532,0.8454388984509468,36,BACE_gin_attention_seed5,BACE,gin,attention,5,scaffold,results/BACE_gin_attention_seed5_best.pt,128,3,0.3,0.001,32
0.9491195707321378,0.8976670201484623,0.8354561101549054,95,BACE_gin_attention_seed6,BACE,gin,attention,6,scaffold,results/BACE_gin_attention_seed6_best.pt,128,3,0.3,0.001,32
0.9310146581960161,0.8630258041710853,0.8626506024096386,58,BACE_gin_attention_seed7,BACE,gin,attention,7,scaffold,results/BACE_gin_attention_seed7_best.pt,128,3,0.3,0.001,32
0.9272149979043963,0.865323435843054,0.8457831325301205,69,BACE_gin_attention_seed8,BACE,gin,attention,8,scaffold,results/BACE_gin_attention_seed8_best.pt,128,3,0.3,0.001,32
0.9218022742814286,0.8773418168964299,0.8492254733218589,55,BACE_gin_attention_seed9,BACE,gin,attention,9,scaffold,results/BACE_gin_attention_seed9_best.pt,128,3,0.3,0.001,32
0.9686335009816249,0.8849416755037116,0.8664371772805508,91,BACE_gin_max_seed0,BACE,gin,max,0,scaffold,results/BACE_gin_max_seed0_best.pt,128,3,0.3,0.001,32
0.9278147265788719,0.8702721809826794,0.8442340791738382,46,BACE_gin_max_seed1,BACE,gin,max,1,scaffold,results/BACE_gin_max_seed1_best.pt,128,3,0.3,0.001,32
0.9594156023206053,0.8722163308589608,0.8927710843373494,99,BACE_gin_max_seed2,BACE,gin,max,2,scaffold,results/BACE_gin_max_seed2_best.pt,128,3,0.3,0.001,32
0.946777182185163,0.9031459879816189,0.8839931153184165,57,BACE_gin_max_seed3,BACE,gin,max,3,scaffold,results/BACE_gin_max_seed3_best.pt,128,3,0.3,0.001,32
0.9460699159552644,0.8635560268646164,0.8712564543889846,61,BACE_gin_max_seed4,BACE,gin,max,4,scaffold,results/BACE_gin_max_seed4_best.pt,128,3,0.3,0.001,32
0.9535396399973529,0.8738069989395546,0.8413080895008606,75,BACE_gin_max_seed5,BACE,gin,max,5,scaffold,results/BACE_gin_max_seed5_best.pt,128,3,0.3,0.001,32
0.8893741865749012,0.8829975256274302,0.7629948364888123,25,BACE_gin_max_seed6,BACE,gin,max,6,scaffold,results/BACE_gin_max_seed6_best.pt,128,3,0.3,0.001,32
0.9272081044713563,0.8647932131495228,0.8251290877796902,50,BACE_gin_max_seed7,BACE,gin,max,7,scaffold,results/BACE_gin_max_seed7_best.pt,128,3,0.3,0.001,32
0.9289769593894072,0.8575468363379286,0.8607573149741824,36,BACE_gin_max_seed8,BACE,gin,max,8,scaffold,results/BACE_gin_max_seed8_best.pt,128,3,0.3,0.001,32
0.9273749255509232,0.8632025450689289,0.8058519793459552,75,BACE_gin_max_seed9,BACE,gin,max,9,scaffold,results/BACE_gin_max_seed9_best.pt,128,3,0.3,0.001,32
0.9365073456422474,0.8725698126546484,0.8660929432013769,74,BACE_gin_mean_seed0,BACE,gin,mean,0,scaffold,results/BACE_gin_mean_seed0_best.pt,128,3,0.3,0.001,32
0.9291203427966382,0.8867090844821491,0.8430292598967298,54,BACE_gin_mean_seed1,BACE,gin,mean,1,scaffold,results/BACE_gin_mean_seed1_best.pt,128,3,0.3,0.001,32
0.9442004169148303,0.8716861081654295,0.9037865748709122,75,BACE_gin_mean_seed2,BACE,gin,mean,2,scaffold,results/BACE_gin_mean_seed2_best.pt,128,3,0.3,0.001,32
0.9437233913484658,0.8943089430894309,0.8846815834767643,85,BACE_gin_mean_seed3,BACE,gin,mean,3,scaffold,results/BACE_gin_mean_seed3_best.pt,128,3,0.3,0.001,32
0.9098959367348289,0.8570166136443973,0.8234079173838211,43,BACE_gin_mean_seed4,BACE,gin,mean,4,scaffold,results/BACE_gin_mean_seed4_best.pt,128,3,0.3,0.001,32
0.9339733196567621,0.8858253799929304,0.8664371772805508,59,BACE_gin_mean_seed5,BACE,gin,mean,5,scaffold,results/BACE_gin_mean_seed5_best.pt,128,3,0.3,0.001,32
0.9303418591313172,0.9185224460940262,0.8390705679862307,81,BACE_gin_mean_seed6,BACE,gin,mean,6,scaffold,results/BACE_gin_mean_seed6_best.pt,128,3,0.3,0.001,32
0.9494394260251913,0.878048780487805,0.8581755593803787,93,BACE_gin_mean_seed7,BACE,gin,mean,7,scaffold,results/BACE_gin_mean_seed7_best.pt,128,3,0.3,0.001,32
0.8915538901021332,0.8435843054082713,0.8354561101549053,26,BACE_gin_mean_seed8,BACE,gin,mean,8,scaffold,results/BACE_gin_mean_seed8_best.pt,128,3,0.3,0.001,32
0.936027562702667,0.88158359844468,0.8437177280550774,88,BACE_gin_mean_seed9,BACE,gin,mean,9,scaffold,results/BACE_gin_mean_seed9_best.pt,128,3,0.3,0.001,32
0.9552574835109082,0.892011311417462,0.86815834767642,100,BACE_gin_sum_seed0,BACE,gin,sum,0,scaffold,results/BACE_gin_sum_seed0_best.pt,128,3,0.3,0.001,32
0.9267117772924801,0.8556026864616473,0.8383820998278829,49,BACE_gin_sum_seed1,BACE,gin,sum,1,scaffold,results/BACE_gin_sum_seed1_best.pt,128,3,0.3,0.001,32
0.9460809454481284,0.8340402969247085,0.8521514629948365,77,BACE_gin_sum_seed2,BACE,gin,sum,2,scaffold,results/BACE_gin_sum_seed2_best.pt,128,3,0.3,0.001,32
0.9430698938962786,0.8953693884764935,0.8922547332185886,76,BACE_gin_sum_seed3,BACE,gin,sum,3,scaffold,results/BACE_gin_sum_seed3_best.pt,128,3,0.3,0.001,32
0.935208622857521,0.8640862495581477,0.859724612736661,49,BACE_gin_sum_seed4,BACE,gin,sum,4,scaffold,results/BACE_gin_sum_seed4_best.pt,128,3,0.3,0.001,32
0.9340918867050493,0.867621067515023,0.8910499139414803,61,BACE_gin_sum_seed5,BACE,gin,sum,5,scaffold,results/BACE_gin_sum_seed5_best.pt,128,3,0.3,0.001,32
0.9399650916550858,0.8966065747613998,0.8432013769363167,77,BACE_gin_sum_seed6,BACE,gin,sum,6,scaffold,results/BACE_gin_sum_seed6_best.pt,128,3,0.3,0.001,32
0.8677963624732534,0.7767762460233298,0.8148020654044751,15,BACE_gin_sum_seed7,BACE,gin,sum,7,scaffold,results/BACE_gin_sum_seed7_best.pt,128,3,0.3,0.001,32
0.90597219464849,0.8534817956875221,0.8223752151462995,35,BACE_gin_sum_seed8,BACE,gin,sum,8,scaffold,results/BACE_gin_sum_seed8_best.pt,128,3,0.3,0.001,32
0.9212687225641366,0.8435843054082716,0.8440619621342513,36,BACE_gin_sum_seed9,BACE,gin,sum,9,scaffold,results/BACE_gin_sum_seed9_best.pt,128,3,0.3,0.001,32
0.7542339465731366,0.750795334040297,0.6184165232358003,41,BACE_graphsage_attention_seed0,BACE,graphsage,attention,0,scaffold,results/BACE_graphsage_attention_seed0_best.pt,128,3,0.3,0.001,32
0.8135850263604878,0.7354188759278897,0.7118760757314974,70,BACE_graphsage_attention_seed1,BACE,graphsage,attention,1,scaffold,results/BACE_graphsage_attention_seed1_best.pt,128,3,0.3,0.001,32
0.8045449782718991,0.7341816896429834,0.7356282271944923,48,BACE_graphsage_attention_seed2,BACE,graphsage,attention,2,scaffold,results/BACE_graphsage_attention_seed2_best.pt,128,3,0.3,0.001,32
0.7802373546864316,0.751502297631672,0.6619621342512909,45,BACE_graphsage_attention_seed3,BACE,graphsage,attention,3,scaffold,results/BACE_graphsage_attention_seed3_best.pt,128,3,0.3,0.001,32
0.7998684732975978,0.7454931071049841,0.7268502581755593,49,BACE_graphsage_attention_seed4,BACE,graphsage,attention,4,scaffold,results/BACE_graphsage_attention_seed4_best.pt,128,3,0.3,0.001,32
0.8252528511239053,0.7288794627076706,0.7301204819277107,99,BACE_graphsage_attention_seed5,BACE,graphsage,attention,5,scaffold,results/BACE_graphsage_attention_seed5_best.pt,128,3,0.3,0.001,32
0.7832511636114972,0.7999293036408626,0.7101549053356282,48,BACE_graphsage_attention_seed6,BACE,graphsage,attention,6,scaffold,results/BACE_graphsage_attention_seed6_best.pt,128,3,0.3,0.001,32
0.8172426819314849,0.7562743018734535,0.7187607573149742,88,BACE_graphsage_attention_seed7,BACE,graphsage,attention,7,scaffold,results/BACE_graphsage_attention_seed7_best.pt,128,3,0.3,0.001,32
0.8192169611541262,0.7454931071049841,0.7024956970740104,93,BACE_graphsage_attention_seed8,BACE,graphsage,attention,8,scaffold,results/BACE_graphsage_attention_seed8_best.pt,128,3,0.3,0.001,32
0.8004089184479298,0.7537999293036408,0.7401032702237521,89,BACE_graphsage_attention_seed9,BACE,graphsage,attention,9,scaffold,results/BACE_graphsage_attention_seed9_best.pt,128,3,0.3,0.001,32
0.8759471576996889,0.8340402969247083,0.8022375215146299,87,BACE_graphsage_max_seed0,BACE,graphsage,max,0,scaffold,results/BACE_graphsage_max_seed0_best.pt,128,3,0.3,0.001,32
0.897628383296936,0.8434075645104278,0.806196213425129,100,BACE_graphsage_max_seed1,BACE,graphsage,max,1,scaffold,results/BACE_graphsage_max_seed1_best.pt,128,3,0.3,0.001,32
0.890758387929323,0.8209614704842702,0.8285714285714285,93,BACE_graphsage_max_seed2,BACE,graphsage,max,2,scaffold,results/BACE_graphsage_max_seed2_best.pt,128,3,0.3,0.001,32
0.8675978316017029,0.8142453163662071,0.7932874354561101,83,BACE_graphsage_max_seed3,BACE,graphsage,max,3,scaffold,results/BACE_graphsage_max_seed3_best.pt,128,3,0.3,0.001,32
0.8630481657953366,0.8317426652527395,0.8414802065404475,73,BACE_graphsage_max_seed4,BACE,graphsage,max,4,scaffold,results/BACE_graphsage_max_seed4_best.pt,128,3,0.3,0.001,32
0.8793814660401914,0.7873806998939554,0.8222030981067125,89,BACE_graphsage_max_seed5,BACE,graphsage,max,5,scaffold,results/BACE_graphsage_max_seed5_best.pt,128,3,0.3,0.001,32
0.858310998610284,0.8648815835984447,0.772461273666093,63,BACE_graphsage_max_seed6,BACE,graphsage,max,6,scaffold,results/BACE_graphsage_max_seed6_best.pt,128,3,0.3,0.001,32
0.8891329164185032,0.8153057617532697,0.8130808950086058,100,BACE_graphsage_max_seed7,BACE,graphsage,max,7,scaffold,results/BACE_graphsage_max_seed7_best.pt,128,3,0.3,0.001,32
0.8955631107581674,0.8398727465535525,0.823235800344234,98,BACE_graphsage_max_seed8,BACE,graphsage,max,8,scaffold,results/BACE_graphsage_max_seed8_best.pt,128,3,0.3,0.001,32
0.8903999294112458,0.8776952986921173,0.8053356282271945,94,BACE_graphsage_max_seed9,BACE,graphsage,max,9,scaffold,results/BACE_graphsage_max_seed9_best.pt,128,3,0.3,0.001,32
0.6385704122824433,0.6265464828561329,0.4760757314974183,5,BACE_graphsage_mean_seed0,BACE,graphsage,mean,0,scaffold,results/BACE_graphsage_mean_seed0_best.pt,128,3,0.3,0.001,32
0.5408794366135046,0.575468363379286,0.5848537005163511,3,BACE_graphsage_mean_seed1,BACE,graphsage,mean,1,scaffold,results/BACE_graphsage_mean_seed1_best.pt,128,3,0.3,0.001,32
0.8121470562283547,0.7930364086249557,0.7972461273666094,52,BACE_graphsage_mean_seed2,BACE,graphsage,mean,2,scaffold,results/BACE_graphsage_mean_seed2_best.pt,128,3,0.3,0.001,32
0.6579382017514835,0.5961470484270059,0.5257314974182443,3,BACE_graphsage_mean_seed3,BACE,graphsage,mean,3,scaffold,results/BACE_graphsage_mean_seed3_best.pt,128,3,0.3,0.001,32
0.858429565658571,0.8062919759632378,0.7710843373493975,73,BACE_graphsage_mean_seed4,BACE,graphsage,mean,4,scaffold,results/BACE_graphsage_mean_seed4_best.pt,128,3,0.3,0.001,32
0.5868931021551629,0.5604453870625663,0.5659208261617901,7,BACE_graphsage_mean_seed5,BACE,graphsage,mean,5,scaffold,results/BACE_graphsage_mean_seed5_best.pt,128,3,0.3,0.001,32
0.8796475525555334,0.8214916931778012,0.7741824440619621,86,BACE_graphsage_mean_seed6,BACE,graphsage,mean,6,scaffold,results/BACE_graphsage_mean_seed6_best.pt,128,3,0.3,0.001,32
0.8722605497099243,0.8092965712265818,0.810843373493976,100,BACE_graphsage_mean_seed7,BACE,graphsage,mean,7,scaffold,results/BACE_graphsage_mean_seed7_best.pt,128,3,0.3,0.001,32
0.587152295237465,0.5689289501590669,0.5203098106712564,3,BACE_graphsage_mean_seed8,BACE,graphsage,mean,8,scaffold,results/BACE_graphsage_mean_seed8_best.pt,128,3,0.3,0.001,32
0.8647081044713563,0.7981618946624249,0.7709122203098107,92,BACE_graphsage_mean_seed9,BACE,graphsage,mean,9,scaffold,results/BACE_graphsage_mean_seed9_best.pt,128,3,0.3,0.001,32
0.8648652747446672,0.8289148108872393,0.8259896729776247,100,BACE_graphsage_sum_seed0,BACE,graphsage,sum,0,scaffold,results/BACE_graphsage_sum_seed0_best.pt,128,3,0.3,0.001,32
0.6823188957271744,0.6466949452103217,0.6218588640275388,5,BACE_graphsage_sum_seed1,BACE,graphsage,sum,1,scaffold,results/BACE_graphsage_sum_seed1_best.pt,128,3,0.3,0.001,32
0.6975781991044052,0.6534110993283846,0.6196213425129088,12,BACE_graphsage_sum_seed2,BACE,graphsage,sum,2,scaffold,results/BACE_graphsage_sum_seed2_best.pt,128,3,0.3,0.001,32
0.6737999911764057,0.6919406150583245,0.6671256454388984,4,BACE_graphsage_sum_seed3,BACE,graphsage,sum,3,scaffold,results/BACE_graphsage_sum_seed3_best.pt,128,3,0.3,0.001,32
0.8454478525577394,0.8377518557794273,0.8089500860585197,73,BACE_graphsage_sum_seed4,BACE,graphsage,sum,4,scaffold,results/BACE_graphsage_sum_seed4_best.pt,128,3,0.3,0.001,32
0.7185838682637372,0.6818663838812302,0.6772805507745266,24,BACE_graphsage_sum_seed5,BACE,graphsage,sum,5,scaffold,results/BACE_graphsage_sum_seed5_best.pt,128,3,0.3,0.001,32
0.6737710387576379,0.6930010604453871,0.5819277108433735,5,BACE_graphsage_sum_seed6,BACE,graphsage,sum,6,scaffold,results/BACE_graphsage_sum_seed6_best.pt,128,3,0.3,0.001,32
0.8420590408753006,0.8061152350653941,0.8027538726333907,95,BACE_graphsage_sum_seed7,BACE,graphsage,sum,7,scaffold,results/BACE_graphsage_sum_seed7_best.pt,128,3,0.3,0.001,32
0.6913010389782278,0.6221279604100388,0.6086058519793459,9,BACE_graphsage_sum_seed8,BACE,graphsage,sum,8,scaffold,results/BACE_graphsage_sum_seed8_best.pt,128,3,0.3,0.001,32
0.634017989102861,0.6242488511841641,0.5752151462994836,10,BACE_graphsage_sum_seed9,BACE,graphsage,sum,9,scaffold,results/BACE_graphsage_sum_seed9_best.pt,128,3,0.3,0.001,32
0.741839685010377,0.9521276595744681,0.8543956043956044,17,BBBP_gat_attention_seed0,BBBP,gat,attention,0,scaffold,results/BBBP_gat_attention_seed0_best.pt,128,3,0.3,0.001,64
0.8900988317600589,0.9214402618657938,0.9309262166405023,90,BBBP_gat_attention_seed1,BBBP,gat,attention,1,scaffold,results/BBBP_gat_attention_seed1_best.pt,128,3,0.3,0.001,64
0.8652486275691238,0.9390343698854338,0.9075091575091574,69,BBBP_gat_attention_seed2,BBBP,gat,attention,2,scaffold,results/BBBP_gat_attention_seed2_best.pt,128,3,0.3,0.001,64
0.843111903327308,0.989088925259138,0.8456305599162742,49,BBBP_gat_attention_seed3,BBBP,gat,attention,3,scaffold,results/BBBP_gat_attention_seed3_best.pt,128,3,0.3,0.001,64
0.8799039298386557,0.9492635024549918,0.9007064364207221,89,BBBP_gat_attention_seed4,BBBP,gat,attention,4,scaffold,results/BBBP_gat_attention_seed4_best.pt,128,3,0.3,0.001,64
0.7907555483028721,0.9316693944353519,0.8749345892203035,31,BBBP_gat_attention_seed5,BBBP,gat,attention,5,scaffold,results/BBBP_gat_attention_seed5_best.pt,128,3,0.3,0.001,64
0.8987005841199704,0.9268957992362248,0.9141810570382,90,BBBP_gat_attention_seed6,BBBP,gat,attention,6,scaffold,results/BBBP_gat_attention_seed6_best.pt,128,3,0.3,0.001,64
0.8260872748878624,0.9223949809056193,0.902276295133438,38,BBBP_gat_attention_seed7,BBBP,gat,attention,7,scaffold,results/BBBP_gat_attention_seed7_best.pt,128,3,0.3,0.001,64
0.6843074245163017,0.8760229132569558,0.8791208791208791,4,BBBP_gat_attention_seed8,BBBP,gat,attention,8,scaffold,results/BBBP_gat_attention_seed8_best.pt,128,3,0.3,0.001,64
0.8411756460467295,0.9277141298417895,0.9287022501308215,64,BBBP_gat_attention_seed9,BBBP,gat,attention,9,scaffold,results/BBBP_gat_attention_seed9_best.pt,128,3,0.3,0.001,64
0.7651751941487581,0.9483087834151663,0.8874934589220304,93,BBBP_gat_max_seed0,BBBP,gat,max,0,scaffold,results/BBBP_gat_max_seed0_best.pt,128,3,0.3,0.001,64
0.7587272795742117,0.906164757228587,0.9102564102564102,58,BBBP_gat_max_seed1,BBBP,gat,max,1,scaffold,results/BBBP_gat_max_seed1_best.pt,128,3,0.3,0.001,64
0.8203653260360181,0.9469448990725586,0.923600209314495,95,BBBP_gat_max_seed2,BBBP,gat,max,2,scaffold,results/BBBP_gat_max_seed2_best.pt,128,3,0.3,0.001,64
0.7947797415813082,0.989770867430442,0.8478545264259549,61,BBBP_gat_max_seed3,BBBP,gat,max,3,scaffold,results/BBBP_gat_max_seed3_best.pt,128,3,0.3,0.001,64
0.8248089894222401,0.9414893617021276,0.9301412872841444,99,BBBP_gat_max_seed4,BBBP,gat,max,4,scaffold,results/BBBP_gat_max_seed4_best.pt,128,3,0.3,0.001,64
0.801292511883243,0.9394435351882161,0.9031920460491889,96,BBBP_gat_max_seed5,BBBP,gat,max,5,scaffold,results/BBBP_gat_max_seed5_best.pt,128,3,0.3,0.001,64
0.8386902072035884,0.9245771958537916,0.9529042386185242,99,BBBP_gat_max_seed6,BBBP,gat,max,6,scaffold,results/BBBP_gat_max_seed6_best.pt,128,3,0.3,0.001,64
0.8191131920733749,0.9378068739770868,0.9203296703296703,89,BBBP_gat_max_seed7,BBBP,gat,max,7,scaffold,results/BBBP_gat_max_seed7_best.pt,128,3,0.3,0.001,64
0.8099894557139988,0.9113475177304965,0.9416535845107273,74,BBBP_gat_max_seed8,BBBP,gat,max,8,scaffold,results/BBBP_gat_max_seed8_best.pt,128,3,0.3,0.001,64
0.804446383142532,0.9320785597381341,0.9179748822605965,67,BBBP_gat_max_seed9,BBBP,gat,max,9,scaffold,results/BBBP_gat_max_seed9_best.pt,128,3,0.3,0.001,64
0.6767360413737699,0.9584015275504637,0.8638147566718996,3,BBBP_gat_mean_seed0,BBBP,gat,mean,0,scaffold,results/BBBP_gat_mean_seed0_best.pt,128,3,0.3,0.001,64
0.6845542947044252,0.8882978723404255,0.8656462585034014,4,BBBP_gat_mean_seed1,BBBP,gat,mean,1,scaffold,results/BBBP_gat_mean_seed1_best.pt,128,3,0.3,0.001,64
0.673226509673964,0.8897981451172939,0.9065934065934066,2,BBBP_gat_mean_seed2,BBBP,gat,mean,2,scaffold,results/BBBP_gat_mean_seed2_best.pt,128,3,0.3,0.001,64
0.8086494527013457,0.9802236770321877,0.8352956567242282,31,BBBP_gat_mean_seed3,BBBP,gat,mean,3,scaffold,results/BBBP_gat_mean_seed3_best.pt,128,3,0.3,0.001,64
0.8906019866773783,0.9581287506819421,0.9052851909994768,99,BBBP_gat_mean_seed4,BBBP,gat,mean,4,scaffold,results/BBBP_gat_mean_seed4_best.pt,128,3,0.3,0.001,64
0.8473871510343443,0.9428532460447354,0.8916797488226059,66,BBBP_gat_mean_seed5,BBBP,gat,mean,5,scaffold,results/BBBP_gat_mean_seed5_best.pt,128,3,0.3,0.001,64
0.8900611735957689,0.9262138570649209,0.9383830455259026,99,BBBP_gat_mean_seed6,BBBP,gat,mean,6,scaffold,results/BBBP_gat_mean_seed6_best.pt,128,3,0.3,0.001,64
0.6867970475999197,0.8825695581014731,0.9284406070120356,6,BBBP_gat_mean_seed7,BBBP,gat,mean,7,scaffold,results/BBBP_gat_mean_seed7_best.pt,128,3,0.3,0.001,64
0.6871202801767423,0.889798145117294,0.8809523809523809,4,BBBP_gat_mean_seed8,BBBP,gat,mean,8,scaffold,results/BBBP_gat_mean_seed8_best.pt,128,3,0.3,0.001,64
0.8456130330722367,0.9161211129296236,0.9190214547357405,68,BBBP_gat_mean_seed9,BBBP,gat,mean,9,scaffold,results/BBBP_gat_mean_seed9_best.pt,128,3,0.3,0.001,64
0.7061491598045123,0.9444899072558647,0.7967032967032968,40,BBBP_gat_sum_seed0,BBBP,gat,sum,0,scaffold,results/BBBP_gat_sum_seed0_best.pt,128,3,0.3,0.001,64
0.7812238484970208,0.9247135842880524,0.8993982208267922,72,BBBP_gat_sum_seed1,BBBP,gat,sum,1,scaffold,results/BBBP_gat_sum_seed1_best.pt,128,3,0.3,0.001,64
0.75703370824128,0.8912302236770322,0.8937728937728938,86,BBBP_gat_sum_seed2,BBBP,gat,sum,2,scaffold,results/BBBP_gat_sum_seed2_best.pt,128,3,0.3,0.001,64
0.8335435914172857,0.9840425531914894,0.8241758241758242,93,BBBP_gat_sum_seed3,BBBP,gat,sum,3,scaffold,results/BBBP_gat_sum_seed3_best.pt,128,3,0.3,0.001,64
0.8454979664591283,0.9504909983633387,0.8965201465201464,96,BBBP_gat_sum_seed4,BBBP,gat,sum,4,scaffold,results/BBBP_gat_sum_seed4_best.pt,128,3,0.3,0.001,64
0.7313194583919127,0.900709219858156,0.8506017791732078,37,BBBP_gat_sum_seed5,BBBP,gat,sum,5,scaffold,results/BBBP_gat_sum_seed5_best.pt,128,3,0.3,0.001,64
0.8277285432148356,0.9320785597381341,0.9535583464154893,99,BBBP_gat_sum_seed6,BBBP,gat,sum,6,scaffold,results/BBBP_gat_sum_seed6_best.pt,128,3,0.3,0.001,64
0.7677516402222668,0.8809328968903437,0.9068550497121924,42,BBBP_gat_sum_seed7,BBBP,gat,sum,7,scaffold,results/BBBP_gat_sum_seed7_best.pt,128,3,0.3,0.001,64
0.8420700274486175,0.9101200218221495,0.9207221350078493,90,BBBP_gat_sum_seed8,BBBP,gat,sum,8,scaffold,results/BBBP_gat_sum_seed8_best.pt,128,3,0.3,0.001,64
0.7989985020419093,0.9228723404255319,0.9396912611198325,67,BBBP_gat_sum_seed9,BBBP,gat,sum,9,scaffold,results/BBBP_gat_sum_seed9_best.pt,128,3,0.3,0.001,64
0.7202699253531499,0.9599018003273323,0.8593668236525379,11,BBBP_gcn_attention_seed0,BBBP,gcn,attention,0,scaffold,results/BBBP_gcn_attention_seed0_best.pt,128,3,0.3,0.001,64
0.783703010979447,0.9412165848336062,0.9281789638932496,33,BBBP_gcn_attention_seed1,BBBP,gcn,attention,1,scaffold,results/BBBP_gcn_attention_seed1_best.pt,128,3,0.3,0.001,64
0.813977036888264,0.9532187670485542,0.8910256410256411,48,BBBP_gcn_attention_seed2,BBBP,gcn,attention,2,scaffold,results/BBBP_gcn_attention_seed2_best.pt,128,3,0.3,0.001,64
0.8236321717881769,0.9834969994544464,0.8592360020931449,57,BBBP_gcn_attention_seed3,BBBP,gcn,attention,3,scaffold,results/BBBP_gcn_attention_seed3_best.pt,128,3,0.3,0.001,64
0.6955013138515097,0.9281914893617023,0.8910256410256411,3,BBBP_gcn_attention_seed4,BBBP,gcn,attention,4,scaffold,results/BBBP_gcn_attention_seed4_best.pt,128,3,0.3,0.001,64
0.8163725145611568,0.9603109656301145,0.879774986917844,57,BBBP_gcn_attention_seed5,BBBP,gcn,attention,5,scaffold,results/BBBP_gcn_attention_seed5_best.pt,128,3,0.3,0.001,64
0.8454247422507867,0.9189852700490999,0.9364207221350078,63,BBBP_gcn_attention_seed6,BBBP,gcn,attention,6,scaffold,results/BBBP_gcn_attention_seed6_best.pt,128,3,0.3,0.001,64
0.7011981572604941,0.9004364429896345,0.9298796441653585,5,BBBP_gcn_attention_seed7,BBBP,gcn,attention,7,scaffold,results/BBBP_gcn_attention_seed7_best.pt,128,3,0.3,0.001,64
0.696785875677847,0.9350791052918712,0.9018838304552589,3,BBBP_gcn_attention_seed8,BBBP,gcn,attention,8,scaffold,results/BBBP_gcn_attention_seed8_best.pt,128,3,0.3,0.001,64
0.8199605007699002,0.9350791052918713,0.9186289900575615,58,BBBP_gcn_attention_seed9,BBBP,gcn,attention,9,scaffold,results/BBBP_gcn_attention_seed9_best.pt,128,3,0.3,0.001,64
0.6990223522126264,0.9341243862520457,0.8070381998953428,15,BBBP_gcn_max_seed0,BBBP,gcn,max,0,scaffold,results/BBBP_gcn_max_seed0_best.pt,128,3,0.3,0.001,64
0.8102792143670082,0.9342607746863066,0.9277864992150707,55,BBBP_gcn_max_seed1,BBBP,gcn,max,1,scaffold,results/BBBP_gcn_max_seed1_best.pt,128,3,0.3,0.001,64
0.8775743539532703,0.9665848336061102,0.8882783882783883,94,BBBP_gcn_max_seed2,BBBP,gcn,max,2,scaffold,results/BBBP_gcn_max_seed2_best.pt,128,3,0.3,0.001,64
0.7984231689763674,0.9781778505182761,0.8538723181580326,48,BBBP_gcn_max_seed3,BBBP,gcn,max,3,scaffold,results/BBBP_gcn_max_seed3_best.pt,128,3,0.3,0.001,64
0.796205521523733,0.938897981451173,0.8880167451596023,44,BBBP_gcn_max_seed4,BBBP,gcn,max,4,scaffold,results/BBBP_gcn_max_seed4_best.pt,128,3,0.3,0.001,64
0.8356796461806253,0.9574468085106383,0.892464678178964,66,BBBP_gcn_max_seed5,BBBP,gcn,max,5,scaffold,results/BBBP_gcn_max_seed5_best.pt,128,3,0.3,0.001,64
0.838092906875544,0.9207583196944898,0.9480638409209838,69,BBBP_gcn_max_seed6,BBBP,gcn,max,6,scaffold,results/BBBP_gcn_max_seed6_best.pt,128,3,0.3,0.001,64
0.757921813282453,0.8828423349699946,0.9013605442176871,30,BBBP_gcn_max_seed7,BBBP,gcn,max,7,scaffold,results/BBBP_gcn_max_seed7_best.pt,128,3,0.3,0.001,64
0.8397509121644239,0.9054828150572832,0.9495028780743067,73,BBBP_gcn_max_seed8,BBBP,gcn,max,8,scaffold,results/BBBP_gcn_max_seed8_best.pt,128,3,0.3,0.001,64
0.8453169980585125,0.9323513366066558,0.8784667713239142,84,BBBP_gcn_max_seed9,BBBP,gcn,max,9,scaffold,results/BBBP_gcn_max_seed9_best.pt,128,3,0.3,0.001,64
0.7684022896163889,0.9653573376977632,0.8568812140240711,32,BBBP_gcn_mean_seed0,BBBP,gcn,mean,0,scaffold,results/BBBP_gcn_mean_seed0_best.pt,128,3,0.3,0.001,64
0.8083000686215438,0.9440807419530823,0.9279173207744636,55,BBBP_gcn_mean_seed1,BBBP,gcn,mean,1,scaffold,results/BBBP_gcn_mean_seed1_best.pt,128,3,0.3,0.001,64
0.8655028201780814,0.9573104200763775,0.934850863422292,86,BBBP_gcn_mean_seed2,BBBP,gcn,mean,2,scaffold,results/BBBP_gcn_mean_seed2_best.pt,128,3,0.3,0.001,64
0.8070353819374707,0.9817239498090562,0.8676739926739927,51,BBBP_gcn_mean_seed3,BBBP,gcn,mean,3,scaffold,results/BBBP_gcn_mean_seed3_best.pt,128,3,0.3,0.001,64
0.8392697245096071,0.9564920894708129,0.923731030873888,67,BBBP_gcn_mean_seed4,BBBP,gcn,mean,4,scaffold,results/BBBP_gcn_mean_seed4_best.pt,128,3,0.3,0.001,64
0.8028040687554396,0.9671303873431533,0.9110413396127681,55,BBBP_gcn_mean_seed5,BBBP,gcn,mean,5,scaffold,results/BBBP_gcn_mean_seed5_best.pt,128,3,0.3,0.001,64
0.8029609777733147,0.8996181123840699,0.9421768707482994,51,BBBP_gcn_mean_seed6,BBBP,gcn,mean,6,scaffold,results/BBBP_gcn_mean_seed6_best.pt,128,3,0.3,0.001,64
0.6865407628707236,0.9065739225313693,0.9494374672946102,3,BBBP_gcn_mean_seed7,BBBP,gcn,mean,7,scaffold,results/BBBP_gcn_mean_seed7_best.pt,128,3,0.3,0.001,64
0.7916603903059517,0.9204855428259684,0.9339351125065412,58,BBBP_gcn_mean_seed8,BBBP,gcn,mean,8,scaffold,results/BBBP_gcn_mean_seed8_best.pt,128,3,0.3,0.001,64
0.84194136205396,0.9204855428259683,0.9300104657247514,64,BBBP_gcn_mean_seed9,BBBP,gcn,mean,9,scaffold,results/BBBP_gcn_mean_seed9_best.pt,128,3,0.3,0.001,64
0.7081806085559349,0.9631751227495908,0.8470695970695971,7,BBBP_gcn_sum_seed0,BBBP,gcn,sum,0,scaffold,results/BBBP_gcn_sum_seed0_best.pt,128,3,0.3,0.001,64
0.8254847442592222,0.9719039825422804,0.9527734170591313,57,BBBP_gcn_sum_seed1,BBBP,gcn,sum,1,scaffold,results/BBBP_gcn_sum_seed1_best.pt,128,3,0.3,0.001,64
0.8023270653410993,0.9682214948172395,0.9525117739403454,47,BBBP_gcn_sum_seed2,BBBP,gcn,sum,2,scaffold,results/BBBP_gcn_sum_seed2_best.pt,128,3,0.3,0.001,64
0.817142414808864,0.9889525368248773,0.8656462585034014,54,BBBP_gcn_sum_seed3,BBBP,gcn,sum,3,scaffold,results/BBBP_gcn_sum_seed3_best.pt,128,3,0.3,0.001,64
0.8146046729597644,0.9635842880523732,0.925039246467818,51,BBBP_gcn_sum_seed4,BBBP,gcn,sum,4,scaffold,results/BBBP_gcn_sum_seed4_best.pt,128,3,0.3,0.001,64
0.8197879008502376,0.95949263502455,0.9045002616431188,51,BBBP_gcn_sum_seed5,BBBP,gcn,sum,5,scaffold,results/BBBP_gcn_sum_seed5_best.pt,128,3,0.3,0.001,64
0.8794300646046729,0.9259410801963994,0.9427001569858713,76,BBBP_gcn_sum_seed6,BBBP,gcn,sum,6,scaffold,results/BBBP_gcn_sum_seed6_best.pt,128,3,0.3,0.001,64
0.8467772979848698,0.9290780141843971,0.9501569858712715,62,BBBP_gcn_sum_seed7,BBBP,gcn,sum,7,scaffold,results/BBBP_gcn_sum_seed7_best.pt,128,3,0.3,0.001,64
0.846872489455714,0.9260774686306601,0.9534275248560964,84,BBBP_gcn_sum_seed8,BBBP,gcn,sum,8,scaffold,results/BBBP_gcn_sum_seed8_best.pt,128,3,0.3,0.001,64
0.7898025875343108,0.9522640480087288,0.9445316588173731,44,BBBP_gcn_sum_seed9,BBBP,gcn,sum,9,scaffold,results/BBBP_gcn_sum_seed9_best.pt,128,3,0.3,0.001,64
0.8656796043382206,0.964948172394981,0.9150968079539508,4,BBBP_gin_attention_seed0,BBBP,gin,attention,0,scaffold,results/BBBP_gin_attention_seed0_best.pt,128,3,0.3,0.001,64
0.8388910507464686,0.9211674849972722,0.9432234432234432,6,BBBP_gin_attention_seed1,BBBP,gin,attention,1,scaffold,results/BBBP_gin_attention_seed1_best.pt,128,3,0.3,0.001,64
0.9480170884381068,0.9560829241680306,0.9272632129774987,33,BBBP_gin_attention_seed2,BBBP,gin,attention,2,scaffold,results/BBBP_gin_attention_seed2_best.pt,128,3,0.3,0.001,64
0.8996587751891277,0.9809056192034915,0.8861852433281004,19,BBBP_gin_attention_seed3,BBBP,gin,attention,3,scaffold,results/BBBP_gin_attention_seed3_best.pt,128,3,0.3,0.001,64
0.8618635770234987,0.9631751227495907,0.9432234432234432,7,BBBP_gin_attention_seed4,BBBP,gin,attention,4,scaffold,results/BBBP_gin_attention_seed4_best.pt,128,3,0.3,0.001,64
0.8597421671018276,0.9537643207855974,0.9199372056514914,7,BBBP_gin_attention_seed5,BBBP,gin,attention,5,scaffold,results/BBBP_gin_attention_seed5_best.pt,128,3,0.3,0.001,64
0.9193194751288746,0.9541734860883797,0.9221611721611721,21,BBBP_gin_attention_seed6,BBBP,gin,attention,6,scaffold,results/BBBP_gin_attention_seed6_best.pt,128,3,0.3,0.001,64
0.9218760460601193,0.9495362793235134,0.9488487702773416,23,BBBP_gin_attention_seed7,BBBP,gin,attention,7,scaffold,results/BBBP_gin_attention_seed7_best.pt,128,3,0.3,0.001,64
0.894486007899846,0.9650845608292417,0.9175824175824177,8,BBBP_gin_attention_seed8,BBBP,gin,attention,8,scaffold,results/BBBP_gin_attention_seed8_best.pt,128,3,0.3,0.001,64
0.9277277063667403,0.953355155482815,0.9468864468864469,24,BBBP_gin_attention_seed9,BBBP,gin,attention,9,scaffold,results/BBBP_gin_attention_seed9_best.pt,128,3,0.3,0.001,64
0.8383031649594965,0.9738134206219312,0.9233385661957091,9,BBBP_gin_max_seed0,BBBP,gin,max,0,scaffold,results/BBBP_gin_max_seed0_best.pt,128,3,0.3,0.001,64
0.9261356028653679,0.9551282051282051,0.9493720565149137,25,BBBP_gin_max_seed1,BBBP,gin,max,1,scaffold,results/BBBP_gin_max_seed1_best.pt,128,3,0.3,0.001,64
0.9638167804780076,0.9629023458810693,0.902668759811617,55,BBBP_gin_max_seed2,BBBP,gin,max,2,scaffold,results/BBBP_gin_max_seed2_best.pt,128,3,0.3,0.001,64
0.8967099317131952,0.974631751227496,0.9382522239665096,27,BBBP_gin_max_seed3,BBBP,gin,max,3,scaffold,results/BBBP_gin_max_seed3_best.pt,128,3,0.3,0.001,64
0.9555685964383746,0.9570376432078559,0.9217687074829932,35,BBBP_gin_max_seed4,BBBP,gin,max,4,scaffold,results/BBBP_gin_max_seed4_best.pt,128,3,0.3,0.001,64
0.9035720860949319,0.9592198581560283,0.9386446886446886,16,BBBP_gin_max_seed5,BBBP,gin,max,5,scaffold,results/BBBP_gin_max_seed5_best.pt,128,3,0.3,0.001,64
0.9253259523331325,0.9622204037097655,0.9358974358974359,21,BBBP_gin_max_seed6,BBBP,gin,max,6,scaffold,results/BBBP_gin_max_seed6_best.pt,128,3,0.3,0.001,64
0.9347237564437303,0.9502182214948173,0.9483254840397698,33,BBBP_gin_max_seed7,BBBP,gin,max,7,scaffold,results/BBBP_gin_max_seed7_best.pt,128,3,0.3,0.001,64
0.9054413955278838,0.9686306601200219,0.9216378859236002,14,BBBP_gin_max_seed8,BBBP,gin,max,8,scaffold,results/BBBP_gin_max_seed8_best.pt,128,3,0.3,0.001,64
0.8457176390841534,0.9466721222040371,0.9615384615384615,9,BBBP_gin_max_seed9,BBBP,gin,max,9,scaffold,results/BBBP_gin_max_seed9_best.pt,128,3,0.3,0.001,64
0.846502184173529,0.9755864702673214,0.8963893249607535,5,BBBP_gin_mean_seed0,BBBP,gin,mean,0,scaffold,results/BBBP_gin_mean_seed0_best.pt,128,3,0.3,0.001,64
0.9252830638682465,0.9502182214948173,0.9589220303506019,21,BBBP_gin_mean_seed1,BBBP,gin,mean,1,scaffold,results/BBBP_gin_mean_seed1_best.pt,128,3,0.3,0.001,64
0.9099802503849501,0.9646753955264593,0.9379905808477237,14,BBBP_gin_mean_seed2,BBBP,gin,mean,2,scaffold,results/BBBP_gin_mean_seed2_best.pt,128,3,0.3,0.001,64
0.898265423110397,0.9672667757774142,0.8944270015698587,13,BBBP_gin_mean_seed3,BBBP,gin,mean,3,scaffold,results/BBBP_gin_mean_seed3_best.pt,128,3,0.3,0.001,64
0.9359832128272075,0.9661756683033279,0.9254317111459969,23,BBBP_gin_mean_seed4,BBBP,gin,mean,4,scaffold,results/BBBP_gin_mean_seed4_best.pt,128,3,0.3,0.001,64
0.8973647653477941,0.9593562465902892,0.9381214024071167,12,BBBP_gin_mean_seed5,BBBP,gin,mean,5,scaffold,results/BBBP_gin_mean_seed5_best.pt,128,3,0.3,0.001,64
0.8835525875343107,0.9571740316421167,0.9170591313448456,11,BBBP_gin_mean_seed6,BBBP,gin,mean,6,scaffold,results/BBBP_gin_mean_seed6_best.pt,128,3,0.3,0.001,64
0.8804970459262236,0.9533551554828151,0.9498953427524857,16,BBBP_gin_mean_seed7,BBBP,gin,mean,7,scaffold,results/BBBP_gin_mean_seed7_best.pt,128,3,0.3,0.001,64
0.9540308880631988,0.9684942716857611,0.9293563579277865,48,BBBP_gin_mean_seed8,BBBP,gin,mean,8,scaffold,results/BBBP_gin_mean_seed8_best.pt,128,3,0.3,0.001,64
0.8883550495414072,0.9466721222040371,0.9497645211930926,10,BBBP_gin_mean_seed9,BBBP,gin,mean,9,scaffold,results/BBBP_gin_mean_seed9_best.pt,128,3,0.3,0.001,64
0.8694161310838857,0.9769503546099291,0.9416535845107274,9,BBBP_gin_sum_seed0,BBBP,gin,sum,0,scaffold,results/BBBP_gin_sum_seed0_best.pt,128,3,0.3,0.001,64
0.913878916449086,0.9318057828696127,0.9627158555729984,12,BBBP_gin_sum_seed1,BBBP,gin,sum,1,scaffold,results/BBBP_gin_sum_seed1_best.pt,128,3,0.3,0.001,64
0.9338795859275625,0.9657665030005456,0.9478021978021978,32,BBBP_gin_sum_seed2,BBBP,gin,sum,2,scaffold,results/BBBP_gin_sum_seed2_best.pt,128,3,0.3,0.001,64
0.8806351258619536,0.9717675941080197,0.8555729984301412,15,BBBP_gin_sum_seed3,BBBP,gin,sum,3,scaffold,results/BBBP_gin_sum_seed3_best.pt,128,3,0.3,0.001,64
0.8897599082814488,0.9652209492635024,0.9051543694400838,17,BBBP_gin_sum_seed4,BBBP,gin,sum,4,scaffold,results/BBBP_gin_sum_seed4_best.pt,128,3,0.3,0.001,64
0.8837440165361184,0.9674031642116749,0.8957352171637886,14,BBBP_gin_sum_seed5,BBBP,gin,sum,5,scaffold,results/BBBP_gin_sum_seed5_best.pt,128,3,0.3,0.001,64
0.903652632724108,0.9536279323513366,0.9526425954997384,24,BBBP_gin_sum_seed6,BBBP,gin,sum,6,scaffold,results/BBBP_gin_sum_seed6_best.pt,128,3,0.3,0.001,64
0.9512326772444264,0.9462629569012548,0.9369440083725797,34,BBBP_gin_sum_seed7,BBBP,gin,sum,7,scaffold,results/BBBP_gin_sum_seed7_best.pt,128,3,0.3,0.001,64
0.9362604187587871,0.9795417348608838,0.9334118262689691,32,BBBP_gin_sum_seed8,BBBP,gin,sum,8,scaffold,results/BBBP_gin_sum_seed8_best.pt,128,3,0.3,0.001,64
0.8542524435964385,0.9600381887615931,0.9440083725798012,10,BBBP_gin_sum_seed9,BBBP,gin,sum,9,scaffold,results/BBBP_gin_sum_seed9_best.pt,128,3,0.3,0.001,64
0.8580820696927094,0.9674031642116748,0.9068550497121926,37,BBBP_graphsage_attention_seed0,BBBP,graphsage,attention,0,scaffold,results/BBBP_graphsage_attention_seed0_best.pt,128,3,0.3,0.001,64
0.8572964785432148,0.9293507910529187,0.9289638932496075,38,BBBP_graphsage_attention_seed1,BBBP,graphsage,attention,1,scaffold,results/BBBP_graphsage_attention_seed1_best.pt,128,3,0.3,0.001,64
0.8465921453437772,0.9480360065466449,0.9152276295133437,38,BBBP_graphsage_attention_seed2,BBBP,graphsage,attention,2,scaffold,results/BBBP_graphsage_attention_seed2_best.pt,128,3,0.3,0.001,64
0.8187387025507131,0.9806328423349701,0.8580586080586081,33,BBBP_graphsage_attention_seed3,BBBP,graphsage,attention,3,scaffold,results/BBBP_graphsage_attention_seed3_best.pt,128,3,0.3,0.001,64
0.8667716911026311,0.9453082378614294,0.9225536368393511,39,BBBP_graphsage_attention_seed4,BBBP,graphsage,attention,4,scaffold,results/BBBP_graphsage_attention_seed4_best.pt,128,3,0.3,0.001,64
0.8478400950659437,0.951582105837425,0.9043694400837259,43,BBBP_graphsage_attention_seed5,BBBP,graphsage,attention,5,scaffold,results/BBBP_graphsage_attention_seed5_best.pt,128,3,0.3,0.001,64
0.8606700224275291,0.92075831969449,0.9327577184720042,35,BBBP_graphsage_attention_seed6,BBBP,graphsage,attention,6,scaffold,results/BBBP_graphsage_attention_seed6_best.pt,128,3,0.3,0.001,64
0.878053449487849,0.929214402618658,0.9204604918890633,51,BBBP_graphsage_attention_seed7,BBBP,graphsage,attention,7,scaffold,results/BBBP_graphsage_attention_seed7_best.pt,128,3,0.3,0.001,64
0.7936207069692709,0.9189852700490999,0.923861852433281,24,BBBP_graphsage_attention_seed8,BBBP,graphsage,attention,8,scaffold,results/BBBP_graphsage_attention_seed8_best.pt,128,3,0.3,0.001,64
0.9324276544821584,0.9446262956901255,0.9120879120879121,94,BBBP_graphsage_attention_seed9,BBBP,graphsage,attention,9,scaffold,results/BBBP_graphsage_attention_seed9_best.pt,128,3,0.3,0.001,64
0.8639515130213564,0.96303873431533,0.9109105180533752,47,BBBP_graphsage_max_seed0,BBBP,graphsage,max,0,scaffold,results/BBBP_graphsage_max_seed0_best.pt,128,3,0.3,0.001,64
0.9257579751623486,0.9433987997817785,0.9591836734693878,92,BBBP_graphsage_max_seed1,BBBP,graphsage,max,1,scaffold,results/BBBP_graphsage_max_seed1_best.pt,128,3,0.3,0.001,64
0.9284442575483699,0.9609929078014184,0.9212454212454213,91,BBBP_graphsage_max_seed2,BBBP,graphsage,max,2,scaffold,results/BBBP_graphsage_max_seed2_best.pt,128,3,0.3,0.001,64
0.8238476601727254,0.9645390070921986,0.9088173731030873,37,BBBP_graphsage_max_seed3,BBBP,graphsage,max,3,scaffold,results/BBBP_graphsage_max_seed3_best.pt,128,3,0.3,0.001,64
0.8173390741112673,0.9469448990725587,0.9007064364207222,31,BBBP_graphsage_max_seed4,BBBP,graphsage,max,4,scaffold,results/BBBP_graphsage_max_seed4_best.pt,128,3,0.3,0.001,64
0.861871945504452,0.9517184942716859,0.9268707482993197,51,BBBP_graphsage_max_seed5,BBBP,graphsage,max,5,scaffold,results/BBBP_graphsage_max_seed5_best.pt,128,3,0.3,0.001,64
0.8928405553323961,0.9427168576104745,0.9364207221350078,64,BBBP_graphsage_max_seed6,BBBP,graphsage,max,6,scaffold,results/BBBP_graphsage_max_seed6_best.pt,128,3,0.3,0.001,64
0.8680771741313518,0.9378068739770867,0.9406070120355834,52,BBBP_graphsage_max_seed7,BBBP,graphsage,max,7,scaffold,results/BBBP_graphsage_max_seed7_best.pt,128,3,0.3,0.001,64
0.9265906390172055,0.9281232951445717,0.9716117216117215,90,BBBP_graphsage_max_seed8,BBBP,graphsage,max,8,scaffold,results/BBBP_graphsage_max_seed8_best.pt,128,3,0.3,0.001,64
0.9343304378389234,0.961811238406983,0.9283097854526426,87,BBBP_graphsage_max_seed9,BBBP,graphsage,max,9,scaffold,results/BBBP_graphsage_max_seed9_best.pt,128,3,0.3,0.001,64
0.8263508820378924,0.964948172394981,0.8775510204081632,33,BBBP_graphsage_mean_seed0,BBBP,graphsage,mean,0,scaffold,results/BBBP_graphsage_mean_seed0_best.pt,128,3,0.3,0.001,64
0.9076946090245699,0.9365793780687397,0.92425431711146,80,BBBP_graphsage_mean_seed1,BBBP,graphsage,mean,1,scaffold,results/BBBP_graphsage_mean_seed1_best.pt,128,3,0.3,0.001,64
0.922850974091183,0.9652209492635024,0.902668759811617,91,BBBP_graphsage_mean_seed2,BBBP,graphsage,mean,2,scaffold,results/BBBP_graphsage_mean_seed2_best.pt,128,3,0.3,0.001,64
0.8435564788779542,0.9828150572831424,0.8825222396650968,44,BBBP_graphsage_mean_seed3,BBBP,graphsage,mean,3,scaffold,results/BBBP_graphsage_mean_seed3_best.pt,128,3,0.3,0.001,64
0.8997435060587803,0.9517184942716859,0.912742019884877,58,BBBP_graphsage_mean_seed4,BBBP,graphsage,mean,4,scaffold,results/BBBP_graphsage_mean_seed4_best.pt,128,3,0.3,0.001,64
0.8063031398540537,0.9563557010365521,0.8857927786499216,36,BBBP_graphsage_mean_seed5,BBBP,graphsage,mean,5,scaffold,results/BBBP_graphsage_mean_seed5_best.pt,128,3,0.3,0.001,64
0.9288972015799691,0.9296235679214402,0.934981684981685,95,BBBP_graphsage_mean_seed6,BBBP,graphsage,mean,6,scaffold,results/BBBP_graphsage_mean_seed6_best.pt,128,3,0.3,0.001,64
0.8964944433286469,0.9335788325150027,0.933935112506541,63,BBBP_graphsage_mean_seed7,BBBP,graphsage,mean,7,scaffold,results/BBBP_graphsage_mean_seed7_best.pt,128,3,0.3,0.001,64
0.842642222333802,0.914075286415712,0.9392987964416536,35,BBBP_graphsage_mean_seed8,BBBP,graphsage,mean,8,scaffold,results/BBBP_graphsage_mean_seed8_best.pt,128,3,0.3,0.001,64
0.8741390925219255,0.9270321876704856,0.945839874411303,43,BBBP_graphsage_mean_seed9,BBBP,graphsage,mean,9,scaffold,results/BBBP_graphsage_mean_seed9_best.pt,128,3,0.3,0.001,64
0.8710866890941956,0.9822695035460993,0.8843537414965987,46,BBBP_graphsage_sum_seed0,BBBP,graphsage,sum,0,scaffold,results/BBBP_graphsage_sum_seed0_best.pt,128,3,0.3,0.001,64
0.8280245782285599,0.9489907255864704,0.9318419675562533,43,BBBP_graphsage_sum_seed1,BBBP,graphsage,sum,1,scaffold,results/BBBP_graphsage_sum_seed1_best.pt,128,3,0.3,0.001,64
0.9245717429872129,0.9623567921440263,0.9315803244374673,83,BBBP_graphsage_sum_seed2,BBBP,graphsage,sum,2,scaffold,results/BBBP_graphsage_sum_seed2_best.pt,128,3,0.3,0.001,64
0.7996094011515029,0.9839061647572286,0.8852694924123495,32,BBBP_graphsage_sum_seed3,BBBP,graphsage,sum,3,scaffold,results/BBBP_graphsage_sum_seed3_best.pt,128,3,0.3,0.001,64
0.8527471630849568,0.9582651391162029,0.9059392987964416,50,BBBP_graphsage_sum_seed4,BBBP,graphsage,sum,4,scaffold,results/BBBP_graphsage_sum_seed4_best.pt,128,3,0.3,0.001,64
0.813432039566178,0.9571740316421167,0.8891941391941391,38,BBBP_graphsage_sum_seed5,BBBP,graphsage,sum,5,scaffold,results/BBBP_graphsage_sum_seed5_best.pt,128,3,0.3,0.001,64
0.8765743204793466,0.9154391707583197,0.9480638409209838,57,BBBP_graphsage_sum_seed6,BBBP,graphsage,sum,6,scaffold,results/BBBP_graphsage_sum_seed6_best.pt,128,3,0.3,0.001,64
0.916806838722635,0.96303873431533,0.9530350601779173,90,BBBP_graphsage_sum_seed7,BBBP,graphsage,sum,7,scaffold,results/BBBP_graphsage_sum_seed7_best.pt,128,3,0.3,0.001,64
0.8061211253933187,0.9656301145662848,0.9496336996336996,37,BBBP_graphsage_sum_seed8,BBBP,graphsage,sum,8,scaffold,results/BBBP_graphsage_sum_seed8_best.pt,128,3,0.3,0.001,64
0.8370342940349467,0.9350791052918712,0.9489795918367347,41,BBBP_graphsage_sum_seed9,BBBP,graphsage,sum,9,scaffold,results/BBBP_graphsage_sum_seed9_best.pt,128,3,0.3,0.001,64
